Time,V1,V2,V3,V4,V5,V6,V7,V8,V9,V10,V11,V12,V13,V14,V15,V16,V17,V18,V19,V20,V21,V22,V23,V24,V25,V26,V27,V28,Amount,Class
265,-0.491003017,0.906952627,1.64542282,-0.083531102,-0.195560099,-0.710165001,0.559118538,0.116340251,-0.538190204,-0.122023317,1.332970731,0.241547185,-0.960824737,0.526002679,0.229368243,0.377199881,-0.520008383,0.186335972,0.230867162,0.062756674,-0.168067297,-0.517387141,0.018650212,0.491651648,-0.277795388,0.043840861,0.253371622,0.111749327,9.03,0
184,-0.143256003,0.743648518,1.534072207,1.062170094,0.20818678,-0.838622933,0.524151228,-0.294660552,-0.478855844,-0.006096561,-0.121309696,-0.564296679,-0.352630239,-0.336510143,1.8800621,-0.3236776,0.541293199,0.139300206,1.592842932,0.271422691,-0.205014457,-0.460893452,0.0474066,0.339242969,-0.77943859,0.234456216,-0.024124929,-0.049897532,1.98,0
566,1.166359937,0.005060629,0.497768219,0.798919611,-0.365524459,-0.233421182,-0.074209679,-0.008324615,0.437687332,-0.247289456,-0.417290468,0.634783847,0.085302918,-0.06635991,0.027261275,-0.580178535,0.302829747,-1.177537273,-0.144620437,-0.118735089,-0.195728247,-0.365798298,0.03072878,0.123133361,0.381748872,0.296735208,-0.007174588,0.011904559,18.56,0
128,1.239494808,-0.182609248,0.155058296,-0.928892144,-0.74622657,-1.23560826,-0.061694679,-0.125223462,0.984937844,-0.746624518,1.563458971,0.890131709,-0.985158791,0.778734284,1.016974358,-0.429489929,-0.335787034,0.614690088,0.703133096,-0.160405632,0.146077125,0.481118509,-0.140019358,0.53826061,0.710720106,-0.621381766,0.036866809,0.010963319,8.8,0
246,-1.069199853,1.239963348,0.545157122,1.005353982,-0.025695582,-0.910672796,0.422441828,0.049283424,-0.564600769,0.143901655,-0.323632933,0.862355052,1.646158812,0.103236346,0.88560936,-0.279569769,-0.1991,-0.100956386,0.374318967,-0.134161666,0.146554845,0.602990282,0.132655946,0.427112526,-0.084030137,-0.417194317,-0.897884839,-0.462041529,2.98,0
441,-0.565328982,-0.061420412,2.197933824,-1.958795107,-0.048529205,0.748807725,0.29658804,-0.149943151,1.209928539,-0.911107814,0.960782373,0.838668991,0.397781607,-0.641078967,1.21325376,-0.83638966,-0.286264199,0.664773412,1.820390605,0.247161662,0.104993,0.88552455,-0.548767037,-0.711467268,0.267146639,0.242159826,-0.306742171,-0.41048417,50.0,0
574,-0.40205703,0.584299901,2.474226946,0.929684063,0.01431371,0.297490246,0.715194583,-0.257152873,0.593868327,-0.179321634,-0.5097084,0.345462617,-0.257994861,-0.958306062,-0.888987964,-1.203546414,0.354845756,-0.902393447,-0.202308508,-0.02660022,-0.07281233,0.445732605,-0.245103368,0.421234408,0.049279871,-0.388322968,-0.329332988,-0.386747159,12.0,0
85,1.327883886,-0.735011946,1.502449134,-0.54410468,-1.909350482,-0.712497651,-1.292819512,-0.002714636,-0.24602754,0.572523068,0.008546854,-0.336586142,0.675825477,-0.671875808,1.25387709,1.591792185,0.050392003,-0.785112302,-0.024286306,0.111537197,0.46109179,1.308647307,-0.046031021,0.764374504,0.28184118,-0.063752868,0.060405585,0.037296104,11.99,0
44,0.927060249,-0.323683972,0.387584831,0.544473989,0.246787395,1.650357805,-0.427576017,0.615370698,0.226278275,-0.225495241,1.944544873,1.385159954,-0.479261671,0.314166276,0.214167231,-1.333716473,1.002869021,-2.119313502,-1.053043056,-0.185390375,-0.040513048,0.079359401,0.096631746,-0.992568669,0.085095829,0.377447205,0.036096421,-0.005960286,45.71,0
539,-1.738582309,0.052739517,1.187056991,-0.656652482,0.920623229,-0.291788033,0.269083076,0.14063145,0.023463959,-0.066407321,1.061539347,1.112409002,0.43115247,-0.164533388,-0.677748783,-0.064626327,-0.466099342,-0.53737844,-0.140597965,0.002974475,-0.179545429,-0.192035836,-0.261879413,-0.237476585,-0.335040252,0.24032254,-0.345129311,-0.383563251,1.0,1
118,1.254913507,0.350287347,0.302487785,0.693114454,-0.371469881,-1.070255865,0.086781009,-0.202835551,0.035154059,-0.282617329,-0.073591895,0.224820575,0.211172939,-0.28446901,1.096191611,0.480953646,-0.00628755,-0.295312745,-0.196568595,-0.079756372,-0.287592205,-0.832681695,0.128083116,0.339426822,0.21594377,0.094703566,-0.02335429,0.030891875,2.69,1
484,-0.928087753,0.39819407,1.74113125,0.182672744,0.966386863,-0.901003797,0.879016073,-0.156589871,-0.142117461,-0.57477527,-0.478181307,-0.426852484,-1.493425843,0.187920732,-0.282355216,-0.648149999,-0.019449062,-0.782172208,-1.194998469,-0.118283445,0.066353416,0.281377527,-0.257966139,0.385383833,0.391117133,-0.453853317,-0.104448024,-0.125765409,1.0,1
0,1.191857111,0.266150712,0.166480113,0.448154078,0.060017649,-0.082360809,-0.078802983,0.085101655,-0.255425128,-0.166974414,1.612726661,1.065235311,0.489095016,-0.143772296,0.635558093,0.463917041,-0.114804663,-0.18336127,-0.145783041,-0.069083135,-0.225775248,-0.638671953,0.101288021,-0.339846476,0.167170404,0.125894532,-0.008983099,0.014724169,2.69,1
574,1.257719194,0.364739119,0.30692262,0.690638247,-0.357791752,-1.067481302,0.094271849,-0.210300432,0.014454964,-0.286012373,-0.050113155,0.298046748,0.34871675,-0.312208562,1.080897192,0.474305385,-0.014203177,-0.312505183,-0.197051773,-0.073778921,-0.286856218,-0.820657826,0.127663147,0.343127648,0.221120131,0.094391123,-0.022188975,0.030944046,1.29,1
164,0.073496706,0.55103296,0.451890424,0.114963844,0.822946501,0.251480314,0.296318524,0.139496907,-0.123050186,-0.142616897,-1.652948209,-0.908371307,-0.653478668,0.40930989,1.490617839,0.104649349,-0.402916543,-0.113269881,0.777332618,-0.043919723,-0.128758266,-0.381932362,0.151011582,-1.363967289,-1.389079168,0.075412285,0.231749598,0.230170991,0.99,1
472,-3.043540624,-3.157307121,1.08846278,2.288643618,1.35980513,-1.064822523,0.325574266,-0.067793653,-0.270952836,-0.838586565,-0.414575448,-0.50314086,0.676501545,-1.692028933,2.000634839,0.666779696,0.599717414,1.725321007,0.28334483,2.102338793,0.661695925,0.435477209,1.375965743,-0.293803153,0.279798032,-0.145361715,-0.252773123,0.035764225,529.0,1
406,-2.312226542,1.951992011,-1.609850732,3.997905588,-0.522187865,-1.426545319,-2.537387306,1.391657248,-2.770089277,-2.772272145,3.202033207,-2.899907388,-0.595221881,-4.289253782,0.38972412,-1.14074718,-2.830055675,-0.016822468,0.416955705,0.126910559,0.517232371,-0.035049369,-0.465211076,0.320198199,0.044519167,0.177839798,0.261145003,-0.143275875,0.0,1
529,-2.000567426,-2.495484241,2.467148881,1.140053216,2.462010105,0.594262064,-2.110182528,0.788346962,0.958809396,-0.32863097,-0.056994454,0.905932213,0.307605733,-0.845538686,0.690323418,-1.991027171,1.502897751,-1.914465692,-0.62429935,0.620898591,0.422452034,1.195393798,0.297836465,-0.857104696,-0.219321926,0.861018814,-0.12462201,-0.17106019,1.5,1
